﻿[
  // Acrobat Cube
  {
    "name": "Acrobat Cube",
    "type": "toggle",
    "img": "images/AcrobatCubeCharlotte.png",
    "codes": "acrobat, height, jump"
  },
  // Stone of Flight
  {
    "name": "Stone of Flight",
    "type": "toggle",
    "img": "images/StoneOfFlight.png",
    "codes": "stoneflight, height, jump, doublejump"
  },
  // Griffon Wing
  {
    "name": "Griffon Wing",
    "type": "toggle",
    "img": "images/GriffonWing.png",
    "codes": "griffon, height, jump, doublejump, veryhigh"
  },
  // Change Cube
  {
    "name": "Change Cube",
    "type": "toggle",
    "img": "images/ChangeCube.png",
    "codes": "change"
  },
  // Push Cube
  {
    "name": "Push Cube",
    "type": "toggle",
    "img": "images/PushCube.png",
    "codes": "push"
  },
  // Strength Glove
  {
    "name": "Strength Glove",
    "type": "toggle",
    "img": "images/StrengthGlove.png",
    "codes": "strength"
  },
  // Toad Morph
  {
    "name": "Toad Morph",
    "type": "toggle",
    "img": "images/ToadMorph.png",
    "codes": "toad, smallbody, verysmall"
  },
  // Owl Morph
  {
    "name": "Owl Morph",
    "type": "toggle",
    "img": "images/OwlMorph.png",
    "codes": "owl, smallbody, verysmall, height, jump, doublejump, veryhigh"
  },
  // Sanctuary
  {
    "name": "Sanctuary",
    "type": "toggle",
    "img": "images/Sanctuary.png",
    "codes": "sanctuary"
  },
  // Speed Up
  {
    "name": "Speed Up",
    "type": "toggle",
    "img": "images/SpeedUp.png",
    "codes": "speed"
  },
  // Puppet Master
  {
    "name": "Puppet Master",
    "type": "toggle",
    "img": "images/Puppet.png",
    "codes": "puppet, height, smallbody"
  },
  // Cog
  {
    "name": "Cog",
    "type": "toggle",
    "img": "images/Cog.png",
    "codes": "cog"
  },
  // City of Haze
  {
    "name": "City of Haze",
    "type": "toggle",
    "img": "images/CityOfHaze.png",
    "codes": "cityofhaze"
  },
  // Sandy Grave
  {
    "name": "Sandy Grave",
    "type": "toggle",
    "img": "images/SandyGrave.png",
    "codes": "sandygrave"
  },
  // Nation of Fools
  {
    "name": "Nation of Fools",
    "type": "toggle",
    "img": "images/NationOfFools.png",
    "codes": "nationoffools"
  },
  // Forest of Doom
  {
    "name": "Forest of Doom",
    "type": "toggle",
    "img": "images/ForestOfDoom.png",
    "codes": "forestofdoom"
  },
  // Forgotten City
  {
    "name": "Forgotten City",
    "type": "toggle",
    "img": "images/ForgottenCity.png",
    "codes": "forgottencity"
  },
  // 13th Street
  {
    "name": "13th Street",
    "type": "toggle",
    "img": "images/13thStreet.png",
    "codes": "13thstreet"
  },
  // Burnt Paradise
  {
    "name": "Burnt Paradise",
    "type": "toggle",
    "img": "images/BurntParadise.png",
    "codes": "burntparadise"
  },
  // Dark Academy
  {
    "name": "Dark Academy",
    "type": "toggle",
    "img": "images/DarkAcademy.png",
    "codes": "darkacademy"
  },
  // Nest of Evil
  {
    "name": "Nest of Evil",
    "type": "toggle",
    "img": "images/NestOfEvil.png",
    "codes": "nestofEvil"
  },
  // Generic Weapon Placeholder
  {
    "name": "Weapon",
    "type": "toggle",
    "img": "images/Weapon.png",
    "codes": "weapon"
  },
  // Generic Accessory Placeholder
  {
    "name": "Accessory",
    "type": "toggle",
    "img": "images/Accessory.png",
    "codes": "accessory"
  },
  // Generic Armor Placeholder
  {
    "name": "Armor",
    "type": "toggle",
    "img": "images/Armor.png",
    "codes": "armor"
  },
  // Generic Headgear Placeholder
  {
    "name": "Headgear",
    "type": "toggle",
    "img": "images/Headgear.png",
    "codes": "headgear"
  },
  // Generic Leg Gear Placeholder
  {
    "name": "Leg Gear",
    "type": "toggle",
    "img": "images/LegGear.png",
    "codes": "leggear"
  },
  // Generic Relic Placeholder
  {
    "name": "Relic",
    "type": "toggle",
    "img": "images/Relic.png",
    "codes": "relic"
  },
  // Generic Sub Weapon Skill Placeholder
  {
    "name": "Sub Weapon Skill",
    "type": "toggle",
    "img": "images/SubWeaponSkill.png",
    "codes": "subweaponskill"
  },
  // Generic Spell Skill Placeholder
  {
    "name": "Spell Skill",
    "type": "toggle",
    "img": "images/SpellSkill.png",
    "codes": "spellskill"
  },
  // Generic Dual Crush Placeholder
  {
    "name": "Dual Crush",
    "type": "toggle",
    "img": "images/DualCrush.png",
    "codes": "dualcrush"
  },
  // Generic Item Placeholder
  {
    "name": "Item",
    "type": "toggle",
    "img": "images/Item.png",
    "codes": "item"
  }
]
