{
  "shared_item_grid": {
    "type": "array",
    "orientation": "center",
    "content": [
      {
        "type": "itemgrid",
        "h_alignment": "center",
        "item_margin": "3,3",
        "item_size": 72,
        "rows": [
          ["rock", "redire", "hatred", "dextro", "jacob", "abram", "laura"],
          ["scale", "tackle", "anger", "sinestro", "eugen", "aeon", "marcel"],
          ["boots", "felix", "agony", "arma", "george", "serge", "anna"],
          [
            "magnes",
            "paries",
            "rapidus",
            "volaticus",
            "monica",
            "irina",
            "daniela"
          ]
        ]
      }
    ]
  }
}
