{
  "shared_item_grid": {
    "type": "array",
    "orientation": "center",
    "content": [
      {
        "type": "itemgrid",
        "h_alignment": "center",
        "item_margin": "3,3",
        "item_size": 72,
        "rows": [
          ["change", "push", "toad", "cityofhaze", "forgottencity"],
          ["acrobat", "strength", "puppet", "sandygrave", "13thstreet"],
          ["stoneflight", "speed", "owl", "nationoffools", "burntparadise"],
          ["griffon", "sanctuary", "cog", "forestofdoom", "darkacademy"]
        ]
      }
    ]
  },
  "tracker_capture_item": {
    "type": "container",
    "content": {
      "type": "itemgrid",
      "h_alignment": "center",
      "item_margin": "3,3",
      "item_size": 48,
      "rows": [
        ["weapon", "accessory", "armor", "headgear", "leggear"],
        ["relic", "subweaponskill", "spellskill", "dualcrush", "item"]
      ]
    }
  }
}
