[
  //The Lost Village
  {
    "name": "The Lost Village",
    "color": "#FF9800",
    "children": [
      {
        "name": "Pumpkin Pie",
        "access_rules": ["hippogryph", "batcompany", "malphas,puppetmaster"],
        "sections": [
          {
            "name": "Pumpkin Pie",
            "item_count": 1
          }
        ],
        "map_locations": [
          {
            "map": "thelostvillage",
            "x": 200,
            "y": 250
          },
          {
            "map": "castle",
            "x": 373,
            "y": 432,
            "size": 20
          }
        ]
      },
      {
        "name": "Short Sword & Potion",
        "sections": [
          {
            "name": "Short Sword",
            "item_count": 1
          }
        ],
        "map_locations": [
          {
            "map": "thelostvillage",
            "x": 967,
            "y": 393
          },
          {
            "map": "castle",
            "x": 550,
            "y": 455,
            "size": 20
          }
        ]
      },
      {
        "name": "Short Sword & Potion",
        "sections": [
          {
            "name": "Potion",
            "item_count": 1
          }
        ],
        "map_locations": [
          {
            "map": "thelostvillage",
            "x": 1010,
            "y": 455
          },
          {
            "map": "castle",
            "x": 560,
            "y": 477,
            "size": 20
          }
        ]
      },
      {
        "name": "Claymore",
        "sections": [
          {
            "name": "Claymore",
            "item_count": 1
          }
        ],
        "map_locations": [
          {
            "map": "thelostvillage",
            "x": 555,
            "y": 430
          },
          {
            "map": "castle",
            "x": 455,
            "y": 475,
            "size": 20
          }
        ]
      },
      {
        "name": "Spear",
        "sections": [
          {
            "name": "Spear",
            "item_count": 1
          }
        ],
        "map_locations": [
          {
            "map": "thelostvillage",
            "x": 340,
            "y": 450
          },
          {
            "map": "castle",
            "x": 400,
            "y": 480,
            "size": 20
          }
        ]
      },
      {
        "name": "Mace Room",
        "sections": [
          {
            "name": "Mace",
            "item_count": 1
          }
        ],
        "map_locations": [
          {
            "map": "thelostvillage",
            "x": 167,
            "y": 545
          },
          {
            "map": "castle",
            "x": 370,
            "y": 500,
            "size": 20
          }
        ]
      },
      {
        "name": "Mace Room",
        "sections": [
          {
            "name": "$1000 Bag",
            "item_count": 1
          }
        ],
        "map_locations": [
          {
            "map": "thelostvillage",
            "x": 200,
            "y": 640
          },
          {
            "map": "castle",
            "x": 375,
            "y": 520,
            "size": 20
          }
        ]
      },
      {
        "name": "Money Bag",
        "sections": [
          {
            "name": "$1000 Bag",
            "item_count": 1
          }
        ],
        "map_locations": [
          {
            "map": "thelostvillage",
            "x": 580,
            "y": 590
          },
          {
            "map": "castle",
            "x": 464,
            "y": 507,
            "size": 20
          }
        ]
      },
      {
        "name": "First Spin Devil",
        "sections": [
          {
            "name": "Potion",
            "item_count": 1
          }
        ],
        "map_locations": [
          {
            "map": "thelostvillage",
            "x": 855,
            "y": 625
          },
          {
            "map": "castle",
            "x": 522,
            "y": 520,
            "size": 20
          }
        ]
      },
      {
        "name": "Lost Village Secret Room",
        "sections": [
          {
            "name": "Secret Room Items",
            "item_count": 2
          }
        ],
        "map_locations": [
          {
            "map": "thelostvillage",
            "x": 1100,
            "y": 820
          },
          {
            "map": "castle",
            "x": 582,
            "y": 563,
            "size": 20
          }
        ]
      },
      {
        "name": "Cape & Tier of Blood",
        "sections": [
          {
            "name": "Cape",
            "item_count": 1
          }
        ],
        "map_locations": [
          {
            "map": "thelostvillage",
            "x": 1270,
            "y": 740
          },
          {
            "map": "castle",
            "x": 615,
            "y": 543,
            "size": 20
          }
        ]
      },
      {
        "name": "Cape & Tear of Blood",
        "access_rules": ["{}", "paranoia"],
        "sections": [
          {
            "name": "Tear of Blood",
            "capture_item": true,
            "item_count": 1
          }
        ],
        "map_locations": [
          {
            "map": "thelostvillage",
            "x": 1315,
            "y": 740
          },
          {
            "map": "castle",
            "x": 633,
            "y": 543,
            "size": 20
          }
        ]
      },
      {
        "name": "Drawbridge",
        "access_rules": ["hippogryph", "malphas", "puppetmaster", "batcompany"],
        "sections": [
          {
            "name": "Crimson Cloak",
            "item_count": 1
          }
        ],
        "map_locations": [
          {
            "map": "thelostvillage",
            "x": 1735,
            "y": 250
          },
          {
            "map": "castle",
            "x": 725,
            "y": 430,
            "size": 20
          }
        ]
      },
      {
        "name": "Heart Pendant",
        "access_rules": ["hippogryph", "batcompany"],
        "sections": [
          {
            "name": "Heart Pendant",
            "item_count": 1
          }
        ],
        "map_locations": [
          {
            "map": "thelostvillage",
            "x": 1990,
            "y": 230
          },
          {
            "map": "castle",
            "x": 785,
            "y": 427,
            "size": 20
          }
        ]
      },
      {
        "name": "Drawbridge Underwater",
        "access_rules": [
          //backdash -> double jump -> puppet master
          "malphas,puppetmaster,[hippogryph]",
          "malphas,puppetmaster,[batcompany]",
          "hippogryph",
          "batcompany"
        ],
        "sections": [
          {
            "name": "Gold Stud",
            "item_count": 1
          }
        ],
        "map_locations": [
          {
            "map": "thelostvillage",
            "x": 1595,
            "y": 420
          },
          {
            "map": "castle",
            "x": 697,
            "y": 475,
            "size": 20
          }
        ]
      },
      {
        "name": "Village High Potion",
        "access_rules": [
          "jump",
          "flyingarmor,puppetmaster",
          "puppetmaster,skeletonape"
        ],
        "sections": [
          {
            "name": "High Potion",
            "item_count": 1
          }
        ],
        "map_locations": [
          {
            "map": "thelostvillage",
            "x": 543,
            "y": 44
          },
          {
            "map": "castle",
            "x": 462,
            "y": 385,
            "size": 20
          }
        ]
      }
    ]
  },
  //Wizardry Lab
  {
    "name": "Wizardry Lab",
    "color": "#32CCCE",
    "access_rules": ["movement"],
    "children": [
      {
        "name": "Wizardry Lab Mirror",
        "sections": [
          {
            "name": "Combat Knife",
            "access_rules": ["Balore"],
            "item_count": 1
          },
          {
            "name": "Rosary",
            "access_rules": ["Balore,Paranoia"],
            "item_count": 1
          }
        ],
        "map_locations": [
          {
            "map": "wizardrylab",
            "x": 2122,
            "y": 170
          },
          {
            "map": "castle",
            "x": 930,
            "y": 520,
            "size": 20
          }
        ]
      },
      {
        "name": "Wizardry Lab Mind Up",
        "sections": [
          {
            "name": "Mind Up",
            "item_count": 1
          }
        ],
        "map_locations": [
          {
            "map": "wizardrylab",
            "x": 1423,
            "y": 248
          },
          {
            "map": "castle",
            "x": 770,
            "y": 540,
            "size": 20
          }
        ]
      },
      {
        "name": "Blunt Sword",
        "sections": [
          {
            "name": "Blunt Sword",
            "item_count": 1
          }
        ],
        "map_locations": [
          {
            "map": "wizardrylab",
            "x": 1775,
            "y": 250
          },
          {
            "map": "castle",
            "x": 850,
            "y": 539,
            "size": 20
          }
        ]
      },
      {
        "name": "Blunt Sword Room Chest",
        "sections": [
          {
            "name": "Chest",
            "item_count": 1
          }
        ],
        "map_locations": [
          {
            "map": "wizardrylab",
            "x": 1775,
            "y": 360
          },
          {
            "map": "castle",
            "x": 850,
            "y": 568,
            "size": 20
          }
        ]
      },
      {
        "name": "Wizardry Lab Left Barrier",
        "sections": [
          {
            "name": "Scarf",
            "item_count": 1
          }
        ],
        "map_locations": [
          {
            "map": "wizardrylab",
            "x": 797,
            "y": 844
          },
          {
            "map": "castle",
            "x": 630,
            "y": 676,
            "size": 20
          }
        ]
      },
      {
        //couldn't find a way to pair this item with the "Under the Village" items due to the fact you can see it with any movement item
        "name": "Wizardry Lab Left Barrier",
        "sections": [
          {
            "name": "UMA News 4",
            "access_rules": [
              "{}",
              //use cinquedia special to sequence break
              "cinquedia,[rahab],[boneark],[puppetmaster],[malphas]",
              "cinquedia,[rahab],[boneark],[veryhigh]",
              "cinquedia,[rahab],[skeletonape],[puppetmaster],[jump]",
              "rahab,boneark,puppetmaster,malphas",
              "rahab,boneark,veryhigh",
              "rahab,skeletonape,puppetmaster,jump",
              //technically possible with blackpanther but uhh, I wouldn't want to try it
              "blackpanther,rahab,[boneark],puppetmaster,malphas",
              "blackpanther,rahab,[boneark],veryhigh",
              "blackpanther,rahab,[skeletonape],puppetmaster,malphas",
              "blackpanther,rahab,[skeletonape],[puppetmaster],veryhigh"
            ],
            "capture_item": true,
            "item_count": 1
          }
        ],
        "map_locations": [
          {
            "map": "wizardrylab",
            "x": 744,
            "y": 844
          },
          {
            "map": "castle",
            "x": 612,
            "y": 676,
            "size": 20
          }
        ]
      },
      {
        "name": "Aquarius",
        "sections": [
          {
            "name": "Aquarius",
            "access_rules": [
              "{}",
              //use cinquedia special to sequence break
              "cinquedia,[rahab],[veryhigh]",
              "rahab,veryhigh"
            ],
            "capture_item": true,
            "item_count": 1
          }
        ],
        "map_locations": [
          {
            "map": "wizardrylab",
            "x": 1955,
            "y": 747
          },
          {
            "map": "castle",
            "x": 895,
            "y": 655,
            "size": 20
          }
        ]
      },
      {
        "name": "Wizardry Lab Secret Room",
        "sections": [
          {
            "name": "Foie Gras",
            "access_rules": [
              "Balore",
              "batcompany",
              "puppetmaster,malphas",
              "puppetmaster,hippogryph"
            ],
            "item_count": 1
          }
        ],
        "map_locations": [
          {
            "map": "wizardrylab",
            "x": 2284,
            "y": 356
          },
          {
            "map": "castle",
            "x": 962,
            "y": 562,
            "size": 20
          }
        ]
      }
    ]
  },
  //More The Lost Village items, very restrictive to access
  {
    "name": "Under the Village",
    "color": "#FF9800",
    "access_rules": ["movement"],
    "children": [
      {
        "access_rules": [
          //use cinquedia special to sequence break
          "cinquedia,[rahab],[boneark],[puppetmaster],[malphas]",
          "cinquedia,[rahab],[boneark],[veryhigh]",
          "cinquedia,[rahab],[skeletonape],[puppetmaster],[jump]",
          "rahab,boneark,puppetmaster,malphas",
          "rahab,boneark,veryhigh",
          "rahab,skeletonape,puppetmaster,jump",
          //technically possible with blackpanther but uhh, I wouldn't want to try it
          "blackpanther,rahab,[boneark],puppetmaster,malphas",
          "blackpanther,rahab,[boneark],veryhigh",
          "blackpanther,rahab,[skeletonape],puppetmaster,malphas",
          "blackpanther,rahab,[skeletonape],[puppetmaster],veryhigh"
        ],
        "children": [
          {
            "name": "Below Village Neck Warmer",
            "sections": [
              {
                "name": "Neck Warmer",
                "item_count": 1
              }
            ],
            "map_locations": [
              {
                "map": "thelostvillage",
                "x": 746,
                "y": 923
              },
              {
                "map": "castle",
                "x": 500,
                "y": 587,
                "size": 20
              }
            ]
          },
          {
            "name": "Below Village Secret Area",
            "sections": [
              {
                "name": "Caviar",
                "item_count": 1
              }
            ],
            "map_locations": [
              {
                "map": "thelostvillage",
                "x": 413,
                "y": 1023
              },
              {
                "map": "castle",
                "x": 425,
                "y": 611,
                "size": 20
              }
            ]
          }
        ]
      }
    ]
  },
  //More Wizardry Lab items, restrive access
  {
    "name": "Lower Wizardry Lab",
    "color": "#32CCCE",
    "access_rules": ["movement"],
    "children": [
      {
        "access_rules": [
          //use cinquedia special to sequence break
          "cinquedia,[rahab],[boneark],[height]",
          "cinquedia,[rahab],[skeletonape],[puppetmaster]",
          "rahab,boneark,height",
          "rahab,skeletonape,puppetmaster",
          //technically possible with blackpanther but uhh, I wouldn't want to try it
          "blackpanther,rahab,jump,[boneark]",
          "blackpanther,rahab,jump,[skeletonape],[puppetmaster]"
        ],
        "children": [
          {
            "name": "Serenity Robe",
            "sections": [
              {
                "name": "Serenity Robe",
                "item_count": 1
              }
            ],
            "map_locations": [
              {
                "map": "wizardrylab",
                "x": 1570,
                "y": 1307
              },
              {
                "map": "castle",
                "x": 805,
                "y": 785,
                "size": 20
              }
            ]
          },
          {
            "name": "Wizardry Lab Super Potion",
            "sections": [
              {
                "name": "Super Potion",
                "item_count": 1
              }
            ],
            "map_locations": [
              {
                "map": "wizardrylab",
                "x": 1163,
                "y": 1519
              },
              {
                "map": "castle",
                "x": 713,
                "y": 833,
                "size": 20
              }
            ]
          },
          {
            "name": "Bloody Stud",
            "sections": [
              {
                "name": "Bloody Stud",
                "item_count": 1
              }
            ],
            "map_locations": [
              {
                "map": "wizardrylab",
                "x": 1007,
                "y": 1522
              },
              {
                "map": "castle",
                "x": 678,
                "y": 834,
                "size": 20
              }
            ]
          },
          {
            "name": "Gold Ring Secret",
            "sections": [
              {
                "name": "Gold Ring",
                "item_count": 1
              }
            ],
            "map_locations": [
              {
                "map": "wizardrylab",
                "x": 64,
                "y": 1518
              },
              {
                "map": "castle",
                "x": 462,
                "y": 832,
                "size": 20
              }
            ]
          }
        ]
      }
    ]
  },
  //Garden of Madness
  {
    "name": "Garden of Madness",
    "access_rules": ["height", "movement,balore"],
    "color": "#FEFF00",
    "children": [
      {
        "name": "Magic Seal 2",
        "sections": [
          {
            "name": "Magic Seal 2",
            "item_count": 1
          }
        ],
        "map_locations": [
          {
            "map": "gardenofmadness",
            "x": 408,
            "y": 916
          },
          {
            "map": "castle",
            "x": 1067,
            "y": 515,
            "size": 20
          }
        ]
      },
      {
        "name": "Breast Plate & Fleuret",
        "sections": [
          {
            "name": "Breast Plate",
            "item_count": 1
          }
        ],
        "map_locations": [
          {
            "map": "gardenofmadness",
            "x": 506,
            "y": 605
          },
          {
            "map": "castle",
            "x": 1093,
            "y": 450,
            "size": 20
          }
        ]
      },
      {
        "name": "Breast Plate & Fleuret",
        "sections": [
          {
            "name": "Fleuret",
            "item_count": 1
          },
          {
            "name": "Chest",
            "item_count": 1
          }
        ],
        "map_locations": [
          {
            "map": "gardenofmadness",
            "x": 174,
            "y": 546
          },
          {
            "map": "castle",
            "x": 1016,
            "y": 433,
            "size": 20
          }
        ]
      },
      {
        "name": "Elfin Robe",
        "access_rules": ["{movement,balore}", "height"],
        "sections": [
          {
            "name": "Elfin Robe",
            "capture_item": true,
            "item_count": 1
          }
        ],
        "map_locations": [
          {
            "map": "gardenofmadness",
            "x": 447,
            "y": 368
          },
          {
            "map": "castle",
            "x": 1077,
            "y": 391,
            "size": 20
          }
        ]
      },
      {
        "name": "Garden of Madness Secret Room",
        "access_rules": ["veryhigh"],
        "sections": [
          {
            "name": "Ninja Suit",
            "item_count": 1
          }
        ],
        "map_locations": [
          {
            "map": "gardenofmadness",
            "x": 574,
            "y": 246
          },
          {
            "map": "castle",
            "x": 1109,
            "y": 368,
            "size": 20
          }
        ]
      },
      {
        "name": "Doppelganger",
        "access_rules": ["veryhigh"],
        "sections": [
          {
            "name": "Doppelganger",
            "item_count": 1
          }
        ],
        "map_locations": [
          {
            "map": "gardenofmadness",
            "x": 958,
            "y": 427
          },
          {
            "map": "castle",
            "x": 1196,
            "y": 413,
            "size": 20
          }
        ]
      },
      {
        "name": "Handgun",
        "access_rules": [
          "{}",
          "puppetmaster,towerkey",
          "batcompany,towerkey",
          //use cinquedia special to sequence break via Demon Guest House
          "cinquedia,puppetmaster,[towerkey]",
          "cinquedia,batcompany,[towerkey]",
          //use cinquedia special to sequence break via Dario
          "cinquedia,jump,$magicSealTwo,[puppetmaster],[towerkey]",
          "cinquedia,jump,$magicSealTwo,[batcompany],[towerkey]",
          "cinquedia,jump,succubus,[puppetmaster],[towerkey]",
          "cinquedia,jump,succubus,[batcompany],[towerkey]"
        ],
        "sections": [
          {
            "name": "Handgun",
            "capture_item": true,
            "item_count": 1
          }
        ],
        "map_locations": [
          {
            "map": "gardenofmadness",
            "x": 1756,
            "y": 557
          },
          {
            "map": "castle",
            "x": 1378,
            "y": 433,
            "size": 20
          }
        ]
      },
      {
        "name": "Three 7s",
        "sections": [
          {
            "name": "Three 7's",
            "item_count": 1
          }
        ],
        "map_locations": [
          {
            "map": "gardenofmadness",
            "x": 1629,
            "y": 829
          },
          {
            "map": "castle",
            "x": 1343,
            "y": 499,
            "size": 20
          }
        ]
      },
      {
        "name": "Small Sword",
        "access_rules": [
          "cinquedia,[rahab],height",
          "rahab,height",
          "movement,balore,rahab,blackpanther"
        ],
        "sections": [
          {
            "name": "Small Sword",
            "item_count": 1
          }
        ],
        "map_locations": [
          {
            "map": "gardenofmadness",
            "x": 1380,
            "y": 1003
          },
          {
            "map": "castle",
            "x": 1288,
            "y": 538,
            "size": 20
          }
        ]
      },
      //you can access this from Garden of Madness
      {
        "name": "Demon Guest House High Mind Up",
        "color": "#94C700",
        "access_rules": ["height"],
        "sections": [
          {
            "name": "High Mind Up",
            "item_count": 1
          }
        ],
        "map_locations": [
          {
            "map": "demonguesthouse",
            "x": 1911,
            "y": 1517
          },
          {
            "map": "castle",
            "x": 918,
            "y": 433,
            "size": 20
          }
        ]
      }
    ]
  },
  //Subterranean Hell
  //Test of Strength ignored since these items don't appear randomized
  {
    "name": "Subterranean Hell",
    "access_rules": [
      "height,rahab",
      "movement,balore,rahab",
      "cinquedia,height,[rahab]",
      "cinquedia,flyingarmor,[balore],[rahab]",
      "cinquedia,blackpanther,[height],[rahab]",
      "cinquedia,blackpanther,[flyingarmor],[balore],[rahab]"
    ],
    "color": "#FFCC9A",
    "children": [
      {
        "name": "UMA News 1-3",
        "access_rules": ["height", "movement,height", "movement,balore,rahab"],
        "sections": [
          {
            "name": "UMA News 1-3",
            "item_count": 1
          }
        ],
        "map_locations": [
          {
            "map": "subterraneanhell",
            "x": 2141,
            "y": 335
          },
          {
            "map": "castle",
            "x": 1346,
            "y": 629,
            "size": 20
          }
        ]
      },
      {
        "name": "Subterranean Hell $2000 Bag",
        "access_rules": ["height", "movement,height", "movement,balore,rahab"],
        "sections": [
          {
            "name": "$2000 Bag",
            "item_count": 1
          }
        ],
        "map_locations": [
          {
            "map": "subterraneanhell",
            "x": 1885,
            "y": 647
          },
          {
            "map": "castle",
            "x": 1285,
            "y": 695,
            "size": 20
          }
        ]
      },
      {
        "name": "Mushroom Below Warp Room",
        "access_rules": ["height", "movement,height", "movement,balore,rahab"],
        "sections": [
          {
            "name": "Mushroom",
            "item_count": 1
          }
        ],
        "map_locations": [
          {
            "map": "subterraneanhell",
            "x": 1325,
            "y": 721
          },
          {
            "map": "castle",
            "x": 1165,
            "y": 717,
            "size": 20
          }
        ]
      },
      {
        "name": "Tall Room Lower Mushroom",
        "access_rules": ["height", "movement"],
        "sections": [
          {
            "name": "Mushroom",
            "item_count": 1
          }
        ],
        "map_locations": [
          {
            "map": "subterraneanhell",
            "x": 994,
            "y": 1033
          },
          {
            "map": "castle",
            "x": 1084,
            "y": 786,
            "size": 20
          }
        ]
      },
      {
        "name": "Tall Room Amanita",
        "access_rules": ["height", "movement"],
        "sections": [
          {
            "name": "Amanita",
            "item_count": 1
          }
        ],
        "map_locations": [
          {
            "map": "subterraneanhell",
            "x": 994,
            "y": 908
          },
          {
            "map": "castle",
            "x": 1084,
            "y": 759,
            "size": 20
          }
        ]
      },
      {
        "name": "Tall Room Upper Mushroom",
        "access_rules": ["{}", "height"],
        "sections": [
          {
            "name": "Mushroom",
            "item_count": 1
          }
        ],
        "map_locations": [
          {
            "map": "subterraneanhell",
            "x": 942,
            "y": 750
          },
          {
            "map": "castle",
            "x": 1070,
            "y": 724,
            "size": 20
          }
        ]
      },
      {
        "name": "Subterranean Hell Secret Room",
        "access_rules": [
          "height,jump",
          "height,flyingarmor",
          "height,blackpanther"
        ],
        "sections": [
          {
            "name": "Eversing",
            "item_count": 1
          }
        ],
        "map_locations": [
          {
            "map": "subterraneanhell",
            "x": 701,
            "y": 727
          },
          {
            "map": "castle",
            "x": 1021,
            "y": 718,
            "size": 20
          }
        ]
      },
      {
        "name": "Rusty Tin Food",
        "access_rules": ["rahab,height"],
        "sections": [
          {
            "name": "Rusty Tin Food",
            "item_count": 1
          }
        ],
        "map_locations": [
          {
            "map": "subterraneanhell",
            "x": 3933,
            "y": 546
          },
          {
            "map": "castle",
            "x": 1756,
            "y": 672,
            "size": 20
          }
        ]
      },
      {
        "name": "Subterranean Hell High Mind Up",
        "access_rules": ["rahab,height"],
        "sections": [
          {
            "name": "High Mind Up",
            "item_count": 1
          }
        ],
        "map_locations": [
          {
            "map": "subterraneanhell",
            "x": 3498,
            "y": 406
          },
          {
            "map": "castle",
            "x": 1663,
            "y": 643,
            "size": 20
          }
        ]
      },
      {
        "name": "Chain Mail",
        "access_rules": ["rahab,height"],
        "sections": [
          {
            "name": "Chain Mail",
            "item_count": 1
          }
        ],
        "map_locations": [
          {
            "map": "subterraneanhell",
            "x": 3598,
            "y": 241
          },
          {
            "map": "castle",
            "x": 1683,
            "y": 606,
            "size": 20
          }
        ]
      },
      {
        "name": "Subterranean Hell Underwater Money Bag",
        "access_rules": ["rahab,height"],
        "sections": [
          {
            "name": "$2000 Bag",
            "item_count": 1
          }
        ],
        "map_locations": [
          {
            "map": "subterraneanhell",
            "x": 3940,
            "y": 347
          },
          {
            "map": "castle",
            "x": 1758,
            "y": 633,
            "size": 20
          }
        ]
      }
    ]
  },
  //Silenced Ruins
  {
    "name": "Silenced Ruins",
    "access_rules": [
      "height,rahab,zephyr",
      "flyingarmor,balore,rahab,zephyr,[height]",
      "flyingarmor,balore,rahab,zephyr,[blackpanther]",
      "cinquedia,height,[rahab],[zephyr]",
      "cinquedia,flyingarmor,zephyr,[balore],[rahab],[height]",
      "cinquedia,flyingarmor,zephyr,[balore],[rahab],[blackpanther]",
      "cinquedia,blackpanther,zephyr,[height],[rahab]",
      "cinquedia,blackpanther,zephyr,[flyingarmor],[balore],[rahab],"
    ],
    "color": "#CCFFCF",
    "children": [
      {
        "name": "Silenced Ruins Mirror",
        "access_rules": ["height"],
        "sections": [
          {
            "name": "Mana Prism",
            "item_count": 1
          },
          {
            "name": "Super Potion",
            "access_rules": ["paranoia"],
            "item_count": 1
          }
        ],
        "map_locations": [
          {
            "map": "silencedruins",
            "x": 699,
            "y": 56
          },
          {
            "map": "castle",
            "x": 1372,
            "y": 718,
            "size": 20
          }
        ]
      },
      {
        "name": "Rare Ring",
        "access_rules": ["balore"],
        "sections": [
          {
            "name": "Rare Ring",
            "item_count": 1
          }
        ],
        "map_locations": [
          {
            "map": "silencedruins",
            "x": 289,
            "y": 613
          },
          {
            "map": "castle",
            "x": 1284,
            "y": 851,
            "size": 20
          }
        ]
      }
    ]
  },
  //The Dark Chapel
  {
    "name": "The Dark Chapel",
    "access_rules": ["height", "movement,balore"],
    "color": "#00FF06",
    "children": [
      {
        "name": "Long Sword",
        "access_rules": ["{movement,balore}", "height"],
        "sections": [
          {
            "name": "Long Sword",
            "capture_item": true,
            "item_count": 1
          }
        ],
        "map_locations": [
          {
            "map": "thedarkchapel",
            "x": 330,
            "y": 508
          },
          {
            "map": "castle",
            "x": 1431,
            "y": 435,
            "size": 20
          }
        ]
      },
      {
        "name": "The Dark Chapel Potion",
        "access_rules": ["movement"],
        "sections": [
          {
            "name": "Potion",
            "item_count": 1
          }
        ],
        "map_locations": [
          {
            "map": "thedarkchapel",
            "x": 1128,
            "y": 444
          },
          {
            "map": "castle",
            "x": 1610,
            "y": 411,
            "size": 20
          }
        ]
      },
      {
        "name": "$2000 Money Bag",
        "sections": [
          {
            "name": "$2000 Money Bag",
            "item_count": 1
          }
        ],
        "map_locations": [
          {
            "map": "thedarkchapel",
            "x": 329,
            "y": 825
          },
          {
            "map": "castle",
            "x": 1431,
            "y": 499,
            "size": 20
          }
        ]
      },
      {
        "name": "Traveller Cape",
        "sections": [
          {
            "name": "Traveller Cape",
            "item_count": 1
          }
        ],
        "map_locations": [
          {
            "map": "thedarkchapel",
            "x": 329,
            "y": 925
          },
          {
            "map": "castle",
            "x": 1431,
            "y": 522,
            "size": 20
          }
        ]
      },
      {
        "name": "Halberd",
        "access_rules": [
          "redwallsoulonefound",
          //use cinquedia and succubus soul to tek through wall
          "cinquedia,succubus,[redwallsoulonefound]"
        ],
        "sections": [
          {
            "name": "Halberd",
            "item_count": 1
          }
        ],
        "map_locations": [
          {
            "map": "thedarkchapel",
            "x": 41,
            "y": 1225
          },
          {
            "map": "castle",
            "x": 1370,
            "y": 586,
            "size": 20
          }
        ]
      },
      {
        "name": "The Dark Chapel Mirror",
        "sections": [
          {
            "name": "Red Scarf",
            "item_count": 1
          },
          {
            "name": "Megingiord",
            "access_rules": ["Paranoia"],
            "item_count": 1
          }
        ],
        "map_locations": [
          {
            "map": "thedarkchapel",
            "x": 713,
            "y": 1210
          },
          {
            "map": "castle",
            "x": 1519,
            "y": 588,
            "size": 20
          }
        ]
      },
      {
        "name": "Power Belt",
        "access_rules": ["{movement,balore}", "height"],
        "sections": [
          {
            "name": "Power Belt",
            "capture_item": true,
            "item_count": 1
          }
        ],
        "map_locations": [
          {
            "map": "thedarkchapel",
            "x": 334,
            "y": 228
          },
          {
            "map": "castle",
            "x": 1432,
            "y": 363,
            "size": 20
          }
        ]
      },
      {
        "name": "Hippogryph into leftmost Bell",
        "access_rules": ["hippogryph"],
        "sections": [
          {
            "name": "Left Bell",
            "item_count": 1
          }
        ],
        "map_locations": [
          {
            "map": "thedarkchapel",
            "x": 977,
            "y": 99
          },
          {
            "map": "castle",
            "x": 1580,
            "y": 334,
            "size": 20
          }
        ]
      },
      {
        "name": "Dark Chapel Belltower",
        "sections": [
          {
            "name": "Anti-Venom",
            "item_count": 1
          }
        ],
        "map_locations": [
          {
            "map": "thedarkchapel",
            "x": 935,
            "y": 51
          },
          {
            "map": "castle",
            "x": 1570,
            "y": 317,
            "size": 20
          }
        ]
      },
      {
        "name": "Dark Chapel Belltower",
        "sections": [
          {
            "name": "High Mind Up",
            "access_rules": ["{movement,balore}", "height", "blackpanther"],
            "capture_item": true,
            "item_count": 1
          }
        ],
        "map_locations": [
          {
            "map": "thedarkchapel",
            "x": 1128,
            "y": 106
          },
          {
            "map": "castle",
            "x": 1613,
            "y": 335,
            "size": 20
          }
        ]
      },
      {
        "name": "Hoop Earing",
        "access_rules": ["$magicSealTwo"],
        "sections": [
          {
            "name": "Hoop Earing",
            "access_rules": [
              "{movement,balore}",
              "veryhigh",
              "blackpanther",
              "malphas,[puppetmaster]",
              "malphas,[flyingarmor]",
              "flyingarmor,skeletonape,puppetmaster"
            ],
            "capture_item": true,
            "item_count": 1
          }
        ],
        "map_locations": [
          {
            "map": "thedarkchapel",
            "x": 1128,
            "y": 228
          },
          {
            "map": "castle",
            "x": 1613,
            "y": 364,
            "size": 20
          }
        ]
      }
    ]
  },
  //The Dark Chapel Eastern Outside Area
  {
    "name": "The Dark Chapel",
    "access_rules": [
      "puppetmaster",
      "batcompany",
      //use cinquedia special to sequence break
      "cinquedia,jump,[puppetmaster]",
      "cinquedia,movement,balore,[puppetmaster]"
    ],
    "color": "#00FF06",
    "children": [
      {
        "name": "Kotetsu",
        "sections": [
          {
            "name": "Kotetsu",
            "access_rules": ["malphas,puppetmaster", "veryhigh"],
            "capture_item": true,
            "item_count": 1
          }
        ],
        "map_locations": [
          {
            "map": "thedarkchapel",
            "x": 1646,
            "y": 82
          },
          {
            "map": "castle",
            "x": 1731,
            "y": 328,
            "size": 20
          }
        ]
      },
      {
        "name": "UMA News 3-2",
        "sections": [
          {
            "name": "UMA News 3-2",
            "access_rules": ["height"],
            "capture_item": true,
            "item_count": 1
          }
        ],
        "map_locations": [
          {
            "map": "thedarkchapel",
            "x": 1198,
            "y": 274
          },
          {
            "map": "castle",
            "x": 1631,
            "y": 369,
            "size": 20
          }
        ]
      },
      {
        "name": "The Dark Chapel High Potion",
        "sections": [
          {
            "name": "High Potion",
            "access_rules": [
              "height,blackpanther",
              "veryhigh",
              "malphas,flyingarmor,puppetmaster"
            ],
            "capture_item": true,
            "item_count": 1
          }
        ],
        "map_locations": [
          {
            "map": "thedarkchapel",
            "x": 1631,
            "y": 368
          },
          {
            "map": "castle",
            "x": 1731,
            "y": 393,
            "size": 20
          }
        ]
      }
    ]
  },
  //Demon Guest House
  {
    "name": "Lower Demon Guest House",
    "access_rules": [
      "height,$magicSealTwo",
      "puppetmaster",
      "batcompany",
      "cinquedia,height,towerkey,[puppetmaster],[$magicSealTwo]"
    ],
    "color": "#94C700",
    "children": [
      {
        "name": "Demon Guest House Secret Room",
        "access_rules": ["veryhigh"],
        "sections": [
          {
            "name": "Rune Ring",
            "item_count": 1
          }
        ],
        "map_locations": [
          {
            "map": "demonguesthouse",
            "x": 2632,
            "y": 926
          },
          {
            "map": "castle",
            "x": 1079,
            "y": 300,
            "size": 20
          }
        ]
      },
      {
        "name": "Mina's Talisman",
        "sections": [
          {
            "name": "Mina's Talisman",
            "item_count": 1
          }
        ],
        "map_locations": [
          {
            "map": "demonguesthouse",
            "x": 2120,
            "y": 1020
          },
          {
            "map": "castle",
            "x": 961,
            "y": 324,
            "size": 20
          }
        ]
      },
      {
        "name": "$1000 Money Bag",
        "sections": [
          {
            "name": "$1000 Money Bag",
            "item_count": 1
          }
        ],
        "map_locations": [
          {
            "map": "demonguesthouse",
            "x": 2120,
            "y": 1406
          },
          {
            "map": "castle",
            "x": 961,
            "y": 410,
            "size": 20
          }
        ]
      },
      {
        "name": "Sit in Chair",
        "sections": [
          {
            "name": "Crown Secret",
            "item_count": 1
          }
        ],
        "map_locations": [
          {
            "map": "demonguesthouse",
            "x": 2094,
            "y": 938
          },
          {
            "map": "castle",
            "x": 961,
            "y": 300,
            "size": 20
          }
        ]
      },
      {
        "name": "UMA News 2-2",
        "sections": [
          {
            "name": "UMA News 2-2",
            "item_count": 1
          }
        ],
        "map_locations": [
          {
            "map": "demonguesthouse",
            "x": 2142,
            "y": 739
          },
          {
            "map": "castle",
            "x": 961,
            "y": 256,
            "size": 20
          }
        ]
      },
      {
        "name": "$2000 Money Bag",
        "sections": [
          {
            "name": "$2000 Money Bag",
            "item_count": 1
          }
        ],
        "map_locations": [
          {
            "map": "demonguesthouse",
            "x": 2120,
            "y": 543
          },
          {
            "map": "castle",
            "x": 961,
            "y": 214,
            "size": 20
          }
        ]
      },
      {
        "name": "Demon Guest House High Potion",
        "sections": [
          {
            "name": "High Potion",
            "item_count": 1
          }
        ],
        "map_locations": [
          {
            "map": "demonguesthouse",
            "x": 1130,
            "y": 797
          },
          {
            "map": "castle",
            "x": 730,
            "y": 266,
            "size": 20
          }
        ]
      },
      {
        "name": "Slide Puzzle",
        "sections": [
          {
            "name": "Room 1: Cestus",
            "item_count": 1
          }
        ],
        "map_locations": [
          {
            "map": "demonguesthouse",
            "x": 712,
            "y": 1015
          },
          {
            "map": "castle",
            "x": 639,
            "y": 325,
            "size": 20
          }
        ]
      },
      {
        "name": "Slide Puzzle",
        "sections": [
          {
            "name": "Room 5: Cutall",
            "item_count": 1
          }
        ],
        "map_locations": [
          {
            "map": "demonguesthouse",
            "x": 712,
            "y": 1111
          },
          {
            "map": "castle",
            "x": 639,
            "y": 346,
            "size": 20
          }
        ]
      },
      {
        "name": "Slide Puzzle",
        "sections": [
          {
            "name": "Room 9: Justaucorps",
            "item_count": 1
          }
        ],
        "map_locations": [
          {
            "map": "demonguesthouse",
            "x": 712,
            "y": 1210
          },
          {
            "map": "castle",
            "x": 639,
            "y": 367,
            "size": 20
          }
        ]
      },
      {
        "name": "Slide Puzzle",
        "sections": [
          {
            "name": "Room 8: Turquoise Stud",
            "item_count": 1
          }
        ],
        "map_locations": [
          {
            "map": "demonguesthouse",
            "x": 1097,
            "y": 1111
          },
          {
            "map": "castle",
            "x": 727,
            "y": 346,
            "size": 20
          }
        ]
      },
      {
        "name": "Slide Puzzle",
        "sections": [
          {
            "name": "Room 12: Great Sword",
            "item_count": 1
          }
        ],
        "map_locations": [
          {
            "map": "demonguesthouse",
            "x": 1097,
            "y": 1210
          },
          {
            "map": "castle",
            "x": 727,
            "y": 367,
            "size": 20
          }
        ]
      },
      {
        "name": "Lower Demon Guest House Mirror",
        "sections": [
          {
            "name": "Ring Mail",
            "item_count": 1
          },
          {
            "name": "Dracula's Tunic",
            "access_rules": ["paranoia"],
            "item_count": 1
          }
        ],
        "map_locations": [
          {
            "map": "demonguesthouse",
            "x": 1225,
            "y": 1015
          },
          {
            "map": "castle",
            "x": 756,
            "y": 325,
            "size": 20
          }
        ]
      },
      {
        "name": "War Fatigues",
        "access_rules": ["{veryhigh}", "veryhigh,balore"],
        "sections": [
          {
            "name": "War Fatigues",
            "capture_item": true,
            "item_count": 1
          }
        ],
        "map_locations": [
          {
            "map": "demonguesthouse",
            "x": 40,
            "y": 419
          },
          {
            "map": "castle",
            "x": 486,
            "y": 188,
            "size": 20
          }
        ]
      },
      {
        "name": "UMA News 2-4",
        "access_rules": ["{veryhigh}", "veryhigh,balore"],
        "sections": [
          {
            "name": "UMA News 2-4",
            "capture_item": true,
            "item_count": 1
          }
        ],
        "map_locations": [
          {
            "map": "demonguesthouse",
            "x": 239,
            "y": 419
          },
          {
            "map": "castle",
            "x": 530,
            "y": 188,
            "size": 20
          }
        ]
      },
      {
        "name": "UMA News 2-2",
        "sections": [
          {
            "name": "UMA News 2-2",
            "item_count": 1
          }
        ],
        "map_locations": [
          {
            "map": "demonguesthouse",
            "x": 1097,
            "y": 346
          },
          {
            "map": "castle",
            "x": 727,
            "y": 168,
            "size": 20
          }
        ]
      },
      {
        "name": "Magic Seal 3",
        "sections": [
          {
            "name": "Magic Seal 3",
            "item_count": 1
          }
        ],
        "map_locations": [
          {
            "map": "demonguesthouse",
            "x": 712,
            "y": 346
          },
          {
            "map": "castle",
            "x": 640,
            "y": 168,
            "size": 20
          }
        ]
      }
    ]
  },
  //Demon Guest House
  {
    "name": "Upper Demon Guest House",
    "access_rules": [
      "puppetmaster,hippogryph,towerkey,$magicSealFour",
      "batcompany,towerkey,$magicSealFour",
      //sequence break with Golden Axe via Demon Guest House lower area
      "goldenaxe,height,$magicSealTwo,[puppetmaster],[Hippogryph],[towerkey],[$magicSealFour]",
      "goldenaxe,height,$magicSealTwo,[batcompany],[towerkey],[$magicSealFour]",
      "goldenaxe,puppetmaster,[Hippogryph],[towerkey],[$magicSealFour]",
      "goldenaxe,puppetmaster,[batcompany],[towerkey],[$magicSealFour]",
      "goldenaxe,batcompany,[towerkey],[$magicSealFour]",
      "goldenaxe,cinquedia,height,towerkey,[puppetmaster],[hippogryph],[$magicSealFour]",
      "goldenaxe,cinquedia,height,towerkey,[batcompany],[$magicSealFour]",
      //via Demon Guest House -> Garden of Madness -> Cursed Clock Tower use cinquedia special to sequence break
      "cinquedia,puppetmaster,hippogryph,[towerkey],[$magicSealFour]",
      "cinquedia,batcompany,[towerkey],[$magicSealFour]",
      //via Garden of Madness -> Cursed Clock Tower use cinquedia special to sequence break
      "cinquedia,hippogryph,$magicSealTwo,[puppetmaster],[towerkey],[$magicSealFour]",
      //via Condemned Tower use succubus + cinquedia special to sequence break
      "cinquedia,hippogryph,succubus,[puppetmaster],[towerkey],[$magicSealFour]"
    ],
    "color": "#94C700",
    "children": [
      {
        "name": "Upper Demon Guest House Mirror",
        "access_rules": [
          "paranoia,redwallsoultwofound,redwallsoulthreefound,redwallsoulfourfound",
          //use cinquedia and succubus soul to get through wall
          "cinquedia,succubus,[paranoia],[redwallsoultwofound],[redwallsoulthreefound],[redwallsoulfourfound]"
        ],
        "sections": [
          {
            "name": "Mana Prism",
            "item_count": 1
          }
        ],
        "map_locations": [
          {
            "map": "demonguesthouse",
            "x": 969,
            "y": 160
          },
          {
            "map": "castle",
            "x": 699,
            "y": 124,
            "size": 20
          }
        ]
      },
      {
        "name": "Olrox's Suit",
        "access_rules": [
          "$magicSealFour,redwallsoultwofound,redwallsoulthreefound,redwallsoulfourfound",
          //use cinquedia and succubus soul to get through wall
          "cinquedia,succubus,[$magicSealFour],[redwallsoultwofound],[redwallsoulthreefound],[redwallsoulfourfound]"
        ],
        "sections": [
          {
            "name": "Olrox's Suit",
            "item_count": 1
          }
        ],
        "map_locations": [
          {
            "map": "demonguesthouse",
            "x": 712,
            "y": 160
          },
          {
            "map": "castle",
            "x": 640,
            "y": 124,
            "size": 20
          }
        ]
      }
    ]
  },
  //The Condemned Tower
  {
    "name": "The Condemned Tower",
    "access_rules": [
      "puppetmaster",
      "batcompany",
      //use cinquedia special to sequence break
      "cinquedia,jump,[puppetmaster]",
      "cinquedia,movement,balore,[puppetmaster]"
    ],
    "color": "#00FFFC",
    "children": [
      {
        "name": "Tasty Meat",
        "access_rules": ["{jump}", "veryhigh"],
        "sections": [
          {
            "name": "Tasty Meat",
            "item_count": 1
          }
        ],
        "map_locations": [
          {
            "map": "condemnedtower",
            "x": 322,
            "y": 1299
          },
          {
            "map": "castle",
            "x": 1811,
            "y": 433,
            "size": 20
          }
        ]
      },
      {
        "name": "Condemned Tower Mind Up",
        "sections": [
          {
            "name": "Mind Up",
            "item_count": 1
          }
        ],
        "map_locations": [
          {
            "map": "condemnedtower",
            "x": 625,
            "y": 1401
          },
          {
            "map": "castle",
            "x": 1874,
            "y": 454,
            "size": 20
          }
        ]
      },
      {
        "name": "Silver Earing",
        "access_rules": ["height"],
        "sections": [
          {
            "name": "Silver Earing",
            "item_count": 1
          }
        ],
        "map_locations": [
          {
            "map": "condemnedtower",
            "x": 607,
            "y": 1090
          },
          {
            "map": "castle",
            "x": 1874,
            "y": 390,
            "size": 20
          }
        ]
      },
      {
        "name": "Estoc",
        "access_rules": ["height"],
        "sections": [
          {
            "name": "Estoc",
            "item_count": 1
          }
        ],
        "map_locations": [
          {
            "map": "condemnedtower",
            "x": 343,
            "y": 511
          },
          {
            "map": "castle",
            "x": 1811,
            "y": 257,
            "size": 20
          }
        ]
      },
      {
        "name": "UMA News 2-3",
        "access_rules": ["height"],
        "sections": [
          {
            "name": "UMA News 2-3",
            "item_count": 1
          }
        ],
        "map_locations": [
          {
            "map": "condemnedtower",
            "x": 292,
            "y": 133
          },
          {
            "map": "castle",
            "x": 1811,
            "y": 169,
            "size": 20
          }
        ]
      },
      {
        "name": "Tower Key",
        "access_rules": ["$magicSealThree"],
        "children": [
          {
            "name": "Tower Key",
            "access_rules": [
              "veryhigh",
              "flyingarmor,puppetmaster",
              "flyingarmor,malphas",
              "malphas,puppetmaster",
              "puppetmaster,skeletonape,malphas"
            ],
            "sections": [
              {
                "name": "Tower Key",
                "item_count": 1
              }
            ],
            "map_locations": [
              {
                "map": "condemnedtower",
                "x": 320,
                "y": 54
              },
              {
                "map": "castle",
                "x": 1811,
                "y": 145,
                "size": 20
              }
            ]
          }
        ]
      }
    ]
  },
  //Cursed Clock Tower
  {
    "name": "Cursed Clock Tower",
    "access_rules": [
      "smallbody,towerkey",
      //via Demon Guest House -> Garden of Madness use cinquedia special to sequence break
      "cinquedia,smallbody,[towerkey]",
      //via Garden of Madness use cinquedia special to sequence break
      "cinquedia,jump,$magicSealTwo,[smallbody],[towerkey]",
      //via Condemned Tower use succubus + cinquedia special to sequence break
      "cinquedia,jump,succubus,[smallbody],[towerkey]"
    ],
    "color": "#9BCEFD",
    "children": [
      {
        "name": "Shaman Ring",
        "sections": [
          {
            "name": "Shaman Ring",
            "item_count": 1
          }
        ],
        "map_locations": [
          {
            "map": "cursedclocktower",
            "x": 1738,
            "y": 919
          },
          {
            "map": "castle",
            "x": 1665,
            "y": 234,
            "size": 20
          }
        ]
      },
      {
        "name": "Army Jacket",
        "sections": [
          {
            "name": "Army Jacket",
            "item_count": 1
          }
        ],
        "map_locations": [
          {
            "map": "cursedclocktower",
            "x": 46,
            "y": 1114
          },
          {
            "map": "castle",
            "x": 1286,
            "y": 278,
            "size": 20
          }
        ]
      },
      {
        "name": "Cursed Clock Tower Mirror",
        "sections": [
          {
            "name": "Scale Mail",
            "item_count": 1
          },
          {
            "name": "Platinum Stud",
            "access_rules": ["Paranoia"],
            "item_count": 1
          }
        ],
        "map_locations": [
          {
            "map": "cursedclocktower",
            "x": 1484,
            "y": 538
          },
          {
            "map": "castle",
            "x": 1606,
            "y": 146,
            "size": 20
          }
        ]
      },
      {
        "name": "Magic Seal 4",
        "sections": [
          {
            "name": "Magic Seal 4",
            "item_count": 1
          }
        ],
        "map_locations": [
          {
            "map": "cursedclocktower",
            "x": 1484,
            "y": 637
          },
          {
            "map": "castle",
            "x": 1606,
            "y": 170,
            "size": 20
          }
        ]
      },
      {
        "name": "UMA News 3-3",
        "sections": [
          {
            "name": "UMA News 3-3",
            "item_count": 1
          }
        ],
        "map_locations": [
          {
            "map": "cursedclocktower",
            "x": 1581,
            "y": 733
          },
          {
            "map": "castle",
            "x": 1636,
            "y": 189,
            "size": 20
          }
        ]
      },
      {
        "name": "Kneel in safe place on spike block",
        "sections": [
          {
            "name": "Konami Man",
            "item_count": 1
          }
        ],
        "map_locations": [
          {
            "map": "cursedclocktower",
            "x": 1472,
            "y": 323
          },
          {
            "map": "castle",
            "x": 1606,
            "y": 103,
            "size": 20
          }
        ]
      }
    ]
  },
  //The Pinnacle
  {
    "name": "The Pinnacle",
    "access_rules": [
      "puppetmaster,hippogryph,towerkey,$magicSealFour",
      "batcompany,towerkey,$magicSealFour",
      //via Demon Guest House -> Garden of Madness -> Cursed Clock Tower use cinquedia special to sequence break
      "cinquedia,puppetmaster,hippogryph,[towerkey],[$magicSealFour]",
      "cinquedia,batcompany,[towerkey],[$magicSealFour]",
      //via Garden of Madness -> Cursed Clock Tower use cinquedia special to sequence break
      "cinquedia,hippogryph,$magicSealTwo,[puppetmaster],[towerkey],[$magicSealFour]",
      //via Condemned Tower use succubus + cinquedia special to sequence break
      "cinquedia,hippogryph,succubus,[puppetmaster],[towerkey],[$magicSealFour]",
      //via Demon Guest House use Golden Axe special to sequence break into Upper Demon Guest House
      "goldenaxe,height,$magicSealTwo,[puppetmaster],[hippogryph],[towerkey],[$magicSealFour]",
      "goldenaxe,height,$magicSealTwo,[batcompany],[towerkey],[$magicSealFour]",
      "goldenaxe,puppetmaster,[hippogryph],[towerkey],[$magicSealFour]",
      "goldenaxe,puppetmaster,[batcompany],[towerkey],[$magicSealFour]",
      "goldenaxe,batcompany,[towerkey],[$magicSealFour]",
      "goldenaxe,cinquedia,height,towerkey,[batcompany],[$magicSealFour]",
      "goldenaxe,cinquedia,height,towerkey,[puppetmaster],[hippogryph],[$magicSealFour]"
    ],
    "color": "#CB9AFF",
    "children": [
      {
        "name": "The Pinnacle Truffle Secret Room",
        "sections": [
          {
            "name": "Truffle",
            "item_count": 1
          }
        ],
        "map_locations": [
          {
            "map": "thepinnacle",
            "x": 841,
            "y": 1124
          },
          {
            "map": "castle",
            "x": 1138,
            "y": 255,
            "size": 20
          }
        ]
      },
      {
        "name": "The Pinnacle Durandal Secret Room",
        "access_rules": ["jump,puppetmaster", "veryhigh"],
        "sections": [
          {
            "name": "Durandal",
            "item_count": 1
          }
        ],
        "map_locations": [
          {
            "map": "thepinnacle",
            "x": 457,
            "y": 250
          },
          {
            "map": "castle",
            "x": 1051,
            "y": 57,
            "size": 20
          }
        ]
      },
      {
        "name": "The Pinnacle Mana Prism",
        "access_rules": ["jump"],
        "sections": [
          {
            "name": "Mana Prism",
            "item_count": 1
          }
        ],
        "map_locations": [
          {
            "map": "thepinnacle",
            "x": 1045,
            "y": 446
          },
          {
            "map": "castle",
            "x": 1186,
            "y": 101,
            "size": 20
          }
        ]
      },
      {
        "name": "Lance",
        "access_rules": ["jump"],
        "sections": [
          {
            "name": "Lance",
            "item_count": 1
          }
        ],
        "map_locations": [
          {
            "map": "thepinnacle",
            "x": 1624,
            "y": 440
          },
          {
            "map": "castle",
            "x": 1317,
            "y": 100,
            "size": 20
          }
        ]
      },
      {
        "name": "East Three Chest Room",
        "access_rules": ["veryhigh"],
        "sections": [
          {
            "name": "Three Chests",
            "item_count": 3
          }
        ],
        "map_locations": [
          {
            "map": "thepinnacle",
            "x": 1881,
            "y": 159
          },
          {
            "map": "castle",
            "x": 1372,
            "y": 36,
            "size": 20
          }
        ]
      },
      {
        "name": "West Three Chest Room",
        "access_rules": ["veryhigh"],
        "sections": [
          {
            "name": "Three Chests",
            "item_count": 3
          }
        ],
        "map_locations": [
          {
            "map": "thepinnacle",
            "x": 1115,
            "y": 154
          },
          {
            "map": "castle",
            "x": 1197,
            "y": 36,
            "size": 20
          }
        ]
      },
      {
        "name": "Dracula's Attic",
        "access_rules": ["veryhigh"],
        "sections": [
          {
            "name": "Satan's Ring",
            "item_count": 1
          }
        ],
        "map_locations": [
          {
            "map": "thepinnacle",
            "x": 319,
            "y": 58
          },
          {
            "map": "castle",
            "x": 1022,
            "y": 14,
            "size": 20
          }
        ]
      },
      {
        "name": "Dracula's Attic",
        "access_rules": ["veryhigh"],
        "sections": [
          {
            "name": "Fragarach",
            "item_count": 1
          }
        ],
        "map_locations": [
          {
            "map": "thepinnacle",
            "x": 478,
            "y": 58
          },
          {
            "map": "castle",
            "x": 1051,
            "y": 14,
            "size": 20
          }
        ]
      },
      {
        "name": "Magic Seal 5",
        "access_rules": ["veryhigh,$magicSealFour"],
        "sections": [
          {
            "name": "Magic Seal 5",
            "item_count": 1
          }
        ],
        "map_locations": [
          {
            "map": "thepinnacle",
            "x": 71,
            "y": 164
          },
          {
            "map": "castle",
            "x": 961,
            "y": 36,
            "size": 20
          }
        ]
      }
    ]
  },
  //The Abyss
  {
    "name": "The Abyss",
    "access_rules": [
      "jump,smallbody,minastalisman,$magicSealFive",
      "blackpanther,smallbody,minastalisman,$magicSealFive",
      //use cinquedia special to sequence break
      "cinquedia,jump,[smallbody],[minastalisman],[$magicSealFive]",
      "cinquedia,blackpanther,balore,[smallbody],[minastalisman],[$magicSealFive]"
    ],
    "color": "#FA04FB",
    "children": [
      {
        "name": "Chaos Ring",
        "access_rules": ["jump"],
        "sections": [
          {
            "name": "Chaos Ring",
            "item_count": 1
          }
        ],
        "map_locations": [
          {
            "map": "theabyss",
            "x": 38,
            "y": 1182
          },
          {
            "map": "castle",
            "x": 12,
            "y": 276,
            "size": 20
          }
        ]
      },
      {
        "name": "Hippogryph Soul",
        "sections": [
          {
            "name": "Hippogryph Soul",
            "item_count": 1
          }
        ],
        "map_locations": [
          {
            "map": "theabyss",
            "x": 237,
            "y": 731
          },
          {
            "map": "castle",
            "x": 47,
            "y": 170,
            "size": 20
          }
        ]
      }
    ]
  }
]
