{
  "settings_popup": {
    "type": "array",
    "margin": "5",
    "content": [
      {
        "type": "group",
        "header": "Magic Seals",
        "header_background": "#3e4b57",
        "content": [
          {
            "type": "item",
            "margin": "-5,-1,-5,-5",
            "item": "magicseals"
          }
        ]
      }
    ]
  },
  "tracker_default": {
    "type": "container",
    "background": "#2b2b2b",
    "content": {
      "type": "dock",
      "dropshadow": true,
      "content": [
        {
          "type": "dock",
          "dock": "left",
          "v_alignment": "stretch",
          "content": [
            {
              "type": "group",
              "header": "Items",
              "dock": "top",
              "header_content": {
                "type": "button_popup",
                "style": "settings",
                "popup_background": "#55212121",
                "layout": "settings_popup"
              },
              "content": {
                "type": "layout",
                "key": "shared_item_grid"
              }
            },
            {
              "type": "group",
              "header": "Pinned Locations",
              "content": {
                "type": "recentpins",
                "style": "wrap",
                "h_alignment": "stretch",
                "v_alignment": "stretch",
                "orientation": "vertical",
                "compact": true
              }
            }
          ]
        },
        {
          "type": "tabbed",
          "tabs": [
            {
              "title": "Full Castle",
              "content": {
                "type": "map",
                "maps": ["castle"]
              }
            },
            {
              "title": "The Lost Village",
              "content": {
                "type": "map",
                "maps": ["thelostvillage"]
              }
            },
            {
              "title": "Wizardry Lab",
              "content": {
                "type": "map",
                "maps": ["wizardrylab"]
              }
            },
            {
              "title": "Garden of Madness",
              "content": {
                "type": "map",
                "maps": ["gardenofmadness"]
              }
            },
            {
              "title": "The Dark Chapel",
              "content": {
                "type": "map",
                "maps": ["thedarkchapel"]
              }
            },
            {
              "title": "Demon Guest House",
              "content": {
                "type": "map",
                "maps": ["demonguesthouse"]
              }
            },
            {
              "title": "Condemned Tower",
              "content": {
                "type": "map",
                "maps": ["condemnedtower"]
              }
            },
            {
              "title": "Cursed Clock Tower",
              "content": {
                "type": "map",
                "maps": ["cursedclocktower"]
              }
            },
            {
              "title": "The Pinnacle",
              "content": {
                "type": "map",
                "maps": ["thepinnacle"]
              }
            },
            {
              "title": "Subterranean Hell",
              "content": {
                "type": "map",
                "maps": ["subterraneanhell"]
              }
            },
            {
              "title": "Silenced Ruins",
              "content": {
                "type": "map",
                "maps": ["silencedruins"]
              }
            },
            {
              "title": "Mine of Judgement",
              "content": {
                "type": "map",
                "maps": ["mineofjudgement"]
              }
            },
            {
              "title": "The Abyss",
              "content": {
                "type": "map",
                "maps": ["theabyss"]
              }
            }
          ]
        }
      ]
    }
  },
  "tracker_horizontal": {
    "type": "container",
    "background": "#2b2b2b",
    "content": {
      "type": "dock",
      "dropshadow": true,
      "content": [
        {
          "type": "dock",
          "dock": "bottom",
          "content": [
            {
              "type": "group",
              "header": "Items",
              "dock": "left",
              "margin": "0,0,3,0",
              "header_content": {
                "type": "button_popup",
                "style": "settings",
                "popup_background": "#55212121",
                "layout": "settings_popup"
              },
              "content": {
                "type": "layout",
                "h_alignment": "center",
                "v_alignment": "center",
                "key": "shared_item_grid"
              }
            },
            {
              "type": "group",
              "header": "Pinned Locations",
              "content": {
                "type": "recentpins",
                "style": "wrap",
                "h_alignment": "stretch",
                "v_alignment": "stretch",
                "orientation": "horizontal",
                "compact": true
              }
            }
          ]
        },
        {
          "type": "tabbed",
          "tabs": [
            {
              "title": "Full Castle",
              "content": {
                "type": "map",
                "maps": ["castle"]
              }
            },
            {
              "title": "The Lost Village",
              "content": {
                "type": "map",
                "maps": ["thelostvillage"]
              }
            },
            {
              "title": "Wizardry Lab",
              "content": {
                "type": "map",
                "maps": ["wizardrylab"]
              }
            },
            {
              "title": "Garden of Madness",
              "content": {
                "type": "map",
                "maps": ["gardenofmadness"]
              }
            },
            {
              "title": "The Dark Chapel",
              "content": {
                "type": "map",
                "maps": ["thedarkchapel"]
              }
            },
            {
              "title": "Demon Guest House",
              "content": {
                "type": "map",
                "maps": ["demonguesthouse"]
              }
            },
            {
              "title": "Condemned Tower",
              "content": {
                "type": "map",
                "maps": ["condemnedtower"]
              }
            },
            {
              "title": "Cursed Clock Tower",
              "content": {
                "type": "map",
                "maps": ["cursedclocktower"]
              }
            },
            {
              "title": "The Pinnacle",
              "content": {
                "type": "map",
                "maps": ["thepinnacle"]
              }
            },
            {
              "title": "Subterranean Hell",
              "content": {
                "type": "map",
                "maps": ["subterraneanhell"]
              }
            },
            {
              "title": "Silenced Ruins",
              "content": {
                "type": "map",
                "maps": ["silencedruins"]
              }
            },
            {
              "title": "Mine of Judgement",
              "content": {
                "type": "map",
                "maps": ["mineofjudgement"]
              }
            },
            {
              "title": "The Abyss",
              "content": {
                "type": "map",
                "maps": ["theabyss"]
              }
            }
          ]
        }
      ]
    }
  }
}
