{
  "shared_item_grid": {
    "type": "array",
    "orientation": "center",
    "content": [
      {
        "type": "itemgrid",
        "h_alignment": "center",
        "item_margin": "3,3",
        "item_size": 72,
        "rows": [
          [
            "flyingarmor",
            "balore",
            "malphas",
            "puppetmaster",
            "magicsealtwo",
            "redwallsoulone"
          ],
          [
            "rahab",
            "zephyr",
            "batcompany",
            "paranoia",
            "magicsealthree",
            "redwallsoultwo"
          ],
          [
            "hippogryph",
            "blackpanther",
            "succubus",
            "skeletonapeboneark",
            "magicsealfour",
            "redwallsoulthree"
          ],
          [
            "cinquedia",
            "goldenaxe",
            "towerkey",
            "minastalisman",
            "magicsealfive",
            "redwallsoulfour"
          ]
        ]
      }
    ]
  },
  "tracker_capture_item": {
    "type": "container",
    "content": {
      "type": "itemgrid",
      "h_alignment": "center",
      "item_margin": "3,3",
      "item_size": 48,
      "rows": [["weapon", "armor", "accessory", "item", "soulpedestal"]]
    }
  }
}
