﻿[
  // Hippogryph
  {
    "name": "Hippogryph",
    "type": "toggle",
    "img": "images/hippogryph.png",
    "codes": "movement, jump, height, veryhigh, hippogryph"
  },
  // Bat Company/Bat Form
  {
    "name": "Bat Form or Bat Company",
    "type": "toggle",
    "img": "images/BatCompany.png",
    "codes": "movement, jump, height, veryhigh, batcompany, smallbody"
  },
  // Malphas
  {
    "name": "Malphas",
    "type": "toggle",
    "img": "images/Malphas.png",
    "codes": "movement, jump, height, malphas"
  },
  // Puppet Master
  {
    "name": "Puppet Master",
    "type": "toggle",
    "img": "images/PuppetMaster.png",
    "codes": "movement, height, puppetmaster, smallbody"
  },
  // Flying Armor
  {
    "name": "Flying Armor",
    "type": "toggle",
    "img": "images/FlyingArmor.png",
    "codes": "movement, sideways, flyingarmor"
  },
  // Black Panther
  {
    "name": "Black Panther",
    "type": "toggle",
    "img": "images/BlackPanther.png",
    "codes": "movement, sideways, blackpanther"
  },
  // Balore
  {
    "name": "Balore",
    "type": "toggle",
    "img": "images/balore.png",
    "codes": "balore"
  },
  // Rahab
  {
    "name": "Rahab",
    "type": "toggle",
    "img": "images/Rahab.png",
    "codes": "rahab"
  },
  // Zephyr
  {
    "name": "Zephyr",
    "type": "toggle",
    "img": "images/Zephyr.png",
    "codes": "zephyr"
  },
  // Paranoia
  {
    "name": "Paranoia",
    "type": "toggle",
    "img": "images/Paranoia.png",
    "codes": "paranoia"
  },
  // Tower Key
  {
    "name": "Tower Key",
    "type": "toggle",
    "img": "images/TowerKey.png",
    "codes": "towerkey"
  },
  // Mina's Talisman
  {
    "name": "Mina's Talisman",
    "type": "toggle",
    "img": "images/MinasTalisman.png",
    "codes": "minastalisman"
  },
  // Cinquedia
  {
    "name": "Cinquedia",
    "type": "toggle",
    "img": "images/Cinquedia.png",
    "codes": "cinquedia"
  },
  // Golden Axe
  {
    "name": "Golden Axe",
    "type": "toggle",
    "img": "images/GoldenAxe.png",
    "codes": "goldenaxe"
  },
  // Succubus
  {
    "name": "Succubus",
    "type": "toggle",
    "img": "images/Succubus.png",
    "codes": "succubus"
  },
  // Skeleton Ape
  {
    "name": "Skeleton Ape",
    "type": "toggle",
    "img": "images/SkeletonApe.png",
    "codes": "skeletonape"
  },
  // Bone Ark
  {
    "name": "Bone Ark",
    "type": "toggle",
    "img": "images/BoneArk.png",
    "codes": "boneark"
  },
  // Skeleton Ape & Bone Ark Combo
  {
    "name": "Skeleton Ape and/or Bone Ark",
    "type": "composite_toggle",
    "codes": "skeletonapeboneark",
    "item_left": "skeletonape",
    "item_right": "boneark",
    "images": [
      {
        "left": false,
        "right": false,
        "img": "images/SkeletonApeBoneArkNone.png"
      },
      {
        "left": true,
        "right": false,
        "img": "images/SkeletonApeBoneArkLeft.png"
      },
      {
        "left": false,
        "right": true,
        "img": "images/SkeletonApeBoneArkRight.png"
      },
      {
        "left": true,
        "right": true,
        "img": "images/SkeletonApeBoneArk.png"
      }
    ]
  },
  // Magic Seal 1
  {
    "name": "Magic Seal 1",
    "type": "toggle",
    "img": "images/MagicSeal1.png",
    "codes": "magicsealone"
  },
  // Magic Seal 2
  {
    "name": "Magic Seal 2",
    "type": "toggle",
    "img": "images/MagicSeal2.png",
    "codes": "magicsealtwo"
  },
  // Magic Seal 3
  {
    "name": "Magic Seal 3",
    "type": "toggle",
    "img": "images/MagicSeal3.png",
    "codes": "magicsealthree"
  },
  // Magic Seal 4
  {
    "name": "Magic Seal 4",
    "type": "toggle",
    "img": "images/MagicSeal4.png",
    "codes": "magicsealfour"
  },
  // Magic Seal 5
  {
    "name": "Magic Seal 5",
    "type": "toggle",
    "img": "images/MagicSeal5.png",
    "codes": "magicsealfive"
  },
  // The Dark Chapel Red Wall
  {
    "name": "The Dark Chapel Red Wall",
    "type": "progressive_toggle",
    "stages": [
      {
        "img": "images/RedWallSoul1.png",
        "codes": "redwallsoulone"
      },
      {
        "img": "images/RedWallSoul1Found.png",
        "disabled_img": "images/RedWallSoul1.png",
        "disabled_img_mods": "",
        "codes": "redwallsoulone,redwallsoulonefound"
      }
    ]
  },
  // Red Wall Soul Two
  {
    "name": "First Paranoia Red Wall",
    "type": "progressive_toggle",
    "stages": [
      {
        "img": "images/RedWallSoul2.png",
        "codes": "redwallsoultwo"
      },
      {
        "img": "images/RedWallSoul2Found.png",
        "disabled_img": "images/RedWallSoul2.png",
        "disabled_img_mods": "",
        "codes": "redwallsoultwo,redwallsoultwofound"
      }
    ]
  },
  // Red Wall Soul Three
  {
    "name": "Second Paranoia Red Wall",
    "type": "progressive_toggle",
    "stages": [
      {
        "img": "images/RedWallSoul3.png",
        "codes": "redwallsoulthree"
      },
      {
        "img": "images/RedWallSoul3Found.png",
        "disabled_img": "images/RedWallSoul3.png",
        "disabled_img_mods": "",
        "codes": "redwallsoulthree,redwallsoulthreefound"
      }
    ]
  },
  // Red Wall Soul Four
  {
    "name": "Third Paranoia Red Wall",
    "type": "progressive_toggle",
    "stages": [
      {
        "img": "images/RedWallSoul4.png",
        "codes": "redwallsoulfour"
      },
      {
        "img": "images/RedWallSoul4Found.png",
        "disabled_img": "images/RedWallSoul4.png",
        "disabled_img_mods": "",
        "codes": "redwallsoulfour,redwallsoulfourfound"
      }
    ]
  },
  // Paranoia Red Wall Souls
  {
    "name": "Paranoia Red Wall Souls",
    "type": "progressive",
    "allow_disabled": false,
    "stages": [
      {
        "img": "images/ParanoiaRedWallSoulsNone.png",
        "codes": "paranoiaredwallsouls"
      },
      {
        "img": "images/ParanoiaRedWallSoulsFirst.png",
        "codes": "paranoiaredwallsouls"
      },
      {
        "img": "images/ParanoiaRedWallSoulsSecond.png",
        "codes": "paranoiaredwallsouls"
      },
      {
        "img": "images/ParanoiaRedWallSoulsThird.png",
        "codes": "paranoiaredwallsouls,paranoiaredwallsoulsfound"
      }
    ]
  },
  // Generic Weapon Placeholder
  {
    "name": "Weapon",
    "type": "toggle",
    "img": "images/ClaimhSolais.png",
    "codes": "weapon"
  },
  // Generic Armor Placeholder
  {
    "name": "Armor",
    "type": "toggle",
    "img": "images/Eversing.png",
    "codes": "armor"
  },
  // Generic Accessory Placeholder
  {
    "name": "Accessory",
    "type": "toggle",
    "img": "images/ChaosRing.png",
    "codes": "accessory"
  },
  // Generic Item Placeholder
  {
    "name": "Item",
    "type": "toggle",
    "img": "images/SuperPotion.png",
    "codes": "item"
  },
  // Soul Pedestal
  {
    "name": "Soul Pedestal",
    "type": "toggle",
    "img": "images/SoulPedestal.png",
    "codes": "soulpedestal"
  }
]
